<?xml version="1.0" encoding="UTF-8"?>
<beans xmlns="http://www.springframework.org/schema/beans" xmlns:xsi="http://www.w3.org/2001/XMLSchema-instance" xmlns:context="http://www.springframework.org/schema/context" xsi:schemaLocation="http://www.springframework.org/schema/beans http://www.springframework.org/schema/beans/spring-beans.xsd
    http://www.springframework.org/schema/context http://www.springframework.org/schema/context/spring-context.xsd">
	<bean id="address" class="com.employee.CustomerDetails_1.Address">
		<constructor-arg name="street" value="Champagali Street"></constructor-arg>
		<constructor-arg name="city" value="Srikakulam"></constructor-arg>
		<constructor-arg name="state" value="Andhra Pradesh"></constructor-arg>
		<constructor-arg name="zip" value= "532001"></constructor-arg>
		<constructor-arg name="country" value="India"></constructor-arg>
	</bean>
	<bean id="customer" class="com.employee.CustomerDetails_1.Customer">
		<property name="CustomerId" value="2582"></property>
		<property name="CustomerName" value="SathivilliChandraSekhar"></property>
		<property name="CustomerContact" value="7512346950"></property>
		<property name="address" ref="address"></property>

	</bean>

</beans>